variant,v1,v2,v3,v4,v5,v6,v6_2,v6_3,v7,v8,v9
baseline,0.185870512072099,0.1714193839601883,,,,,0.14187991573907968,0.1647555920712156,0.1448423335907477,0.15356746725128356,0.1722199248347367
bm25,0.1615066862253477,0.1429716981643133,,,,,0.09676394702734684,0.12280346101623331,0.13377373365655434,0.16820977941451065,0.08783073484390233
cosine,0.25312520069591915,0.2567193970225829,,,,,0.2500183744403689,0.24907682593277933,0.25000970505781717,0.25000184042880225,0.25011239997289747
hybrid,0.1556047325159312,0.15433030594996788,,,,,0.11212359712289274,0.12929492305366183,0.13716944803906045,0.2153274230802282,0.09461434375173766
multihop_decomposition,0.1330533581979731,0.18213303214104362,,,,,0.15341029161483047,0.20684533730561983,0.1913762697554047,0.25054283632289764,0.24499729295773767
multihop_iterative,0.17753207120977427,0.21373926950665936,,,,,0.20152669078530286,0.2233542308441528,0.2503542157224224,0.250142840961673,0.2501544073442031
